season,league,file,n_columns,time,avg_h,max_h,b365_h,ps_h,bfe_h,avgc_h,psc_h,avg_o25,b365_o25,p_o25,avgc_o25,ah_line,avg_ahh,avgc_ahh,btts_odds,xg_post_match
1112,E0,ok,71,,BbAvH,BbMxH,B365H,,,,,BbAv>2.5,,,,BbAHh,BbAvAHH,,,
1112,E1,ok,71,,BbAvH,BbMxH,B365H,,,,,BbAv>2.5,,,,BbAHh,BbAvAHH,,,
1112,SP1,ok,70,,BbAvH,BbMxH,B365H,,,,,BbAv>2.5,,,,BbAHh,BbAvAHH,,,
1112,I1,ok,70,,BbAvH,BbMxH,B365H,,,,,BbAv>2.5,,,,BbAHh,BbAvAHH,,,
1112,D1,ok,70,,BbAvH,BbMxH,B365H,,,,,BbAv>2.5,,,,BbAHh,BbAvAHH,,,
1112,F1,ok,70,,BbAvH,BbMxH,B365H,,,,,BbAv>2.5,,,,BbAHh,BbAvAHH,,,
1112,N1,ok,58,,BbAvH,BbMxH,B365H,,,,,BbAv>2.5,,,,BbAHh,BbAvAHH,,,
1112,P1,ok,58,,BbAvH,BbMxH,B365H,,,,,BbAv>2.5,,,,BbAHh,BbAvAHH,,,
1112,B1,ok,58,,BbAvH,BbMxH,B365H,,,,,BbAv>2.5,,,,BbAHh,BbAvAHH,,,
1112,T1,ok,58,,BbAvH,BbMxH,B365H,,,,,BbAv>2.5,,,,BbAHh,BbAvAHH,,,
1112,G1,ok,58,,BbAvH,BbMxH,B365H,,,,,BbAv>2.5,,,,BbAHh,BbAvAHH,,,
1112,SC0,ok,71,,BbAvH,BbMxH,B365H,,,,,BbAv>2.5,,,,BbAHh,BbAvAHH,,,
1112,SP2,ok,58,,BbAvH,BbMxH,B365H,,,,,BbAv>2.5,,,,BbAHh,BbAvAHH,,,
1112,I2,ok,58,,BbAvH,BbMxH,B365H,,,,,BbAv>2.5,,,,BbAHh,BbAvAHH,,,
1112,D2,ok,58,,BbAvH,BbMxH,B365H,,,,,BbAv>2.5,,,,BbAHh,BbAvAHH,,,
1112,F2,ok,58,,BbAvH,BbMxH,B365H,,,,,BbAv>2.5,,,,BbAHh,BbAvAHH,,,
1213,E0,ok,74,,BbAvH,BbMxH,B365H,PSH,,,PSCH,BbAv>2.5,,,,BbAHh,BbAvAHH,,,
1213,E1,ok,73,,BbAvH,BbMxH,B365H,PSH,,,PSCH,BbAv>2.5,,,,BbAHh,BbAvAHH,,,
1213,SP1,ok,73,,BbAvH,BbMxH,B365H,PSH,,,PSCH,BbAv>2.5,,,,BbAHh,BbAvAHH,,,
1213,I1,ok,73,,BbAvH,BbMxH,B365H,PSH,,,PSCH,BbAv>2.5,,,,BbAHh,BbAvAHH,,,
1213,D1,ok,73,,BbAvH,BbMxH,B365H,PSH,,,PSCH,BbAv>2.5,,,,BbAHh,BbAvAHH,,,
1213,F1,ok,73,,BbAvH,BbMxH,B365H,PSH,,,PSCH,BbAv>2.5,,,,BbAHh,BbAvAHH,,,
1213,N1,ok,61,,BbAvH,BbMxH,B365H,PSH,,,PSCH,BbAv>2.5,,,,BbAHh,BbAvAHH,,,
1213,P1,ok,61,,BbAvH,BbMxH,B365H,PSH,,,PSCH,BbAv>2.5,,,,BbAHh,BbAvAHH,,,
1213,B1,ok,61,,BbAvH,BbMxH,B365H,PSH,,,PSCH,BbAv>2.5,,,,BbAHh,BbAvAHH,,,
1213,T1,ok,61,,BbAvH,BbMxH,B365H,PSH,,,PSCH,BbAv>2.5,,,,BbAHh,BbAvAHH,,,
1213,G1,ok,61,,BbAvH,BbMxH,B365H,PSH,,,PSCH,BbAv>2.5,,,,BbAHh,BbAvAHH,,,
1213,SC0,ok,73,,BbAvH,BbMxH,B365H,PSH,,,PSCH,BbAv>2.5,,,,BbAHh,BbAvAHH,,,
1213,SP2,ok,61,,BbAvH,BbMxH,B365H,PSH,,,PSCH,BbAv>2.5,,,,BbAHh,BbAvAHH,,,
1213,I2,ok,61,,BbAvH,BbMxH,B365H,PSH,,,PSCH,BbAv>2.5,,,,BbAHh,BbAvAHH,,,
1213,D2,ok,61,,BbAvH,BbMxH,B365H,PSH,,,PSCH,BbAv>2.5,,,,BbAHh,BbAvAHH,,,
1213,F2,ok,61,,BbAvH,BbMxH,B365H,PSH,,,PSCH,BbAv>2.5,,,,BbAHh,BbAvAHH,,,
1314,E0,ok,68,,BbAvH,BbMxH,B365H,PSH,,,PSCH,BbAv>2.5,,,,BbAHh,BbAvAHH,,,
1314,E1,ok,68,,BbAvH,BbMxH,B365H,PSH,,,PSCH,BbAv>2.5,,,,BbAHh,BbAvAHH,,,
1314,SP1,ok,67,,BbAvH,BbMxH,B365H,PSH,,,PSCH,BbAv>2.5,,,,BbAHh,BbAvAHH,,,
1314,I1,ok,67,,BbAvH,BbMxH,B365H,PSH,,,PSCH,BbAv>2.5,,,,BbAHh,BbAvAHH,,,
1314,D1,ok,67,,BbAvH,BbMxH,B365H,PSH,,,PSCH,BbAv>2.5,,,,BbAHh,BbAvAHH,,,
1314,F1,ok,67,,BbAvH,BbMxH,B365H,PSH,,,PSCH,BbAv>2.5,,,,BbAHh,BbAvAHH,,,
1314,N1,ok,55,,BbAvH,BbMxH,B365H,PSH,,,PSCH,BbAv>2.5,,,,BbAHh,BbAvAHH,,,
1314,P1,ok,55,,BbAvH,BbMxH,B365H,PSH,,,PSCH,BbAv>2.5,,,,BbAHh,BbAvAHH,,,
1314,B1,ok,55,,BbAvH,BbMxH,B365H,PSH,,,PSCH,BbAv>2.5,,,,BbAHh,BbAvAHH,,,
1314,T1,ok,55,,BbAvH,BbMxH,B365H,PSH,,,PSCH,BbAv>2.5,,,,BbAHh,BbAvAHH,,,
1314,G1,ok,55,,BbAvH,BbMxH,B365H,PSH,,,PSCH,BbAv>2.5,,,,BbAHh,BbAvAHH,,,
1314,SC0,ok,68,,BbAvH,BbMxH,B365H,PSH,,,PSCH,BbAv>2.5,,,,BbAHh,BbAvAHH,,,
1314,SP2,ok,55,,BbAvH,BbMxH,B365H,PSH,,,PSCH,BbAv>2.5,,,,BbAHh,BbAvAHH,,,
1314,I2,ok,55,,BbAvH,BbMxH,B365H,PSH,,,PSCH,BbAv>2.5,,,,BbAHh,BbAvAHH,,,
1314,D2,ok,55,,BbAvH,BbMxH,B365H,PSH,,,PSCH,BbAv>2.5,,,,BbAHh,BbAvAHH,,,
1314,F2,ok,55,,BbAvH,BbMxH,B365H,PSH,,,PSCH,BbAv>2.5,,,,BbAHh,BbAvAHH,,,
1415,E0,ok,68,,BbAvH,BbMxH,B365H,PSH,,,PSCH,BbAv>2.5,,,,BbAHh,BbAvAHH,,,
1415,E1,ok,68,,BbAvH,BbMxH,B365H,PSH,,,PSCH,BbAv>2.5,,,,BbAHh,BbAvAHH,,,
1415,SP1,ok,67,,BbAvH,BbMxH,B365H,PSH,,,PSCH,BbAv>2.5,,,,BbAHh,BbAvAHH,,,
1415,I1,ok,67,,BbAvH,BbMxH,B365H,PSH,,,PSCH,BbAv>2.5,,,,BbAHh,BbAvAHH,,,
1415,D1,ok,67,,BbAvH,BbMxH,B365H,PSH,,,PSCH,BbAv>2.5,,,,BbAHh,BbAvAHH,,,
1415,F1,ok,67,,BbAvH,BbMxH,B365H,PSH,,,PSCH,BbAv>2.5,,,,BbAHh,BbAvAHH,,,
1415,N1,ok,55,,BbAvH,BbMxH,B365H,PSH,,,PSCH,BbAv>2.5,,,,BbAHh,BbAvAHH,,,
1415,P1,ok,55,,BbAvH,BbMxH,B365H,PSH,,,PSCH,BbAv>2.5,,,,BbAHh,BbAvAHH,,,
1415,B1,ok,55,,BbAvH,BbMxH,B365H,PSH,,,PSCH,BbAv>2.5,,,,BbAHh,BbAvAHH,,,
1415,T1,ok,55,,BbAvH,BbMxH,B365H,PSH,,,PSCH,BbAv>2.5,,,,BbAHh,BbAvAHH,,,
1415,G1,ok,55,,BbAvH,BbMxH,B365H,PSH,,,PSCH,BbAv>2.5,,,,BbAHh,BbAvAHH,,,
1415,SC0,ok,68,,BbAvH,BbMxH,B365H,PSH,,,PSCH,BbAv>2.5,,,,BbAHh,BbAvAHH,,,
1415,SP2,ok,55,,BbAvH,BbMxH,B365H,PSH,,,PSCH,BbAv>2.5,,,,BbAHh,BbAvAHH,,,
1415,I2,ok,55,,BbAvH,BbMxH,B365H,PSH,,,PSCH,BbAv>2.5,,,,BbAHh,BbAvAHH,,,
1415,D2,ok,55,,BbAvH,BbMxH,B365H,PSH,,,PSCH,BbAv>2.5,,,,BbAHh,BbAvAHH,,,
1415,F2,ok,55,,BbAvH,BbMxH,B365H,PSH,,,PSCH,BbAv>2.5,,,,BbAHh,BbAvAHH,,,
1516,E0,ok,65,,BbAvH,BbMxH,B365H,PSH,,,PSCH,BbAv>2.5,,,,BbAHh,BbAvAHH,,,
1516,E1,ok,65,,BbAvH,BbMxH,B365H,PSH,,,PSCH,BbAv>2.5,,,,BbAHh,BbAvAHH,,,
1516,SP1,ok,64,,BbAvH,BbMxH,B365H,PSH,,,PSCH,BbAv>2.5,,,,BbAHh,BbAvAHH,,,
1516,I1,ok,64,,BbAvH,BbMxH,B365H,PSH,,,PSCH,BbAv>2.5,,,,BbAHh,BbAvAHH,,,
1516,D1,ok,64,,BbAvH,BbMxH,B365H,PSH,,,PSCH,BbAv>2.5,,,,BbAHh,BbAvAHH,,,
1516,F1,ok,64,,BbAvH,BbMxH,B365H,PSH,,,PSCH,BbAv>2.5,,,,BbAHh,BbAvAHH,,,
1516,N1,ok,52,,BbAvH,BbMxH,B365H,PSH,,,PSCH,BbAv>2.5,,,,BbAHh,BbAvAHH,,,
1516,P1,ok,52,,BbAvH,BbMxH,B365H,PSH,,,PSCH,BbAv>2.5,,,,BbAHh,BbAvAHH,,,
1516,B1,ok,52,,BbAvH,BbMxH,B365H,PSH,,,PSCH,BbAv>2.5,,,,BbAHh,BbAvAHH,,,
1516,T1,ok,52,,BbAvH,BbMxH,B365H,PSH,,,PSCH,BbAv>2.5,,,,BbAHh,BbAvAHH,,,
1516,G1,ok,52,,BbAvH,BbMxH,B365H,PSH,,,PSCH,BbAv>2.5,,,,BbAHh,BbAvAHH,,,
1516,SC0,ok,65,,BbAvH,BbMxH,B365H,PSH,,,PSCH,BbAv>2.5,,,,BbAHh,BbAvAHH,,,
1516,SP2,ok,52,,BbAvH,BbMxH,B365H,PSH,,,PSCH,BbAv>2.5,,,,BbAHh,BbAvAHH,,,
1516,I2,ok,52,,BbAvH,BbMxH,B365H,PSH,,,PSCH,BbAv>2.5,,,,BbAHh,BbAvAHH,,,
1516,D2,ok,52,,BbAvH,BbMxH,B365H,PSH,,,PSCH,BbAv>2.5,,,,BbAHh,BbAvAHH,,,
1516,F2,ok,52,,BbAvH,BbMxH,B365H,PSH,,,PSCH,BbAv>2.5,,,,BbAHh,BbAvAHH,,,
1617,E0,ok,65,,BbAvH,BbMxH,B365H,PSH,,,PSCH,BbAv>2.5,,,,BbAHh,BbAvAHH,,,
1617,E1,ok,65,,BbAvH,BbMxH,B365H,PSH,,,PSCH,BbAv>2.5,,,,BbAHh,BbAvAHH,,,
1617,SP1,ok,64,,BbAvH,BbMxH,B365H,PSH,,,PSCH,BbAv>2.5,,,,BbAHh,BbAvAHH,,,
1617,I1,ok,64,,BbAvH,BbMxH,B365H,PSH,,,PSCH,BbAv>2.5,,,,BbAHh,BbAvAHH,,,
1617,D1,ok,64,,BbAvH,BbMxH,B365H,PSH,,,PSCH,BbAv>2.5,,,,BbAHh,BbAvAHH,,,
1617,F1,ok,64,,BbAvH,BbMxH,B365H,PSH,,,PSCH,BbAv>2.5,,,,BbAHh,BbAvAHH,,,
1617,N1,ok,52,,BbAvH,BbMxH,B365H,PSH,,,PSCH,BbAv>2.5,,,,BbAHh,BbAvAHH,,,
1617,P1,ok,52,,BbAvH,BbMxH,B365H,PSH,,,PSCH,BbAv>2.5,,,,BbAHh,BbAvAHH,,,
1617,B1,ok,52,,BbAvH,BbMxH,B365H,PSH,,,PSCH,BbAv>2.5,,,,BbAHh,BbAvAHH,,,
1617,T1,ok,52,,BbAvH,BbMxH,B365H,PSH,,,PSCH,BbAv>2.5,,,,BbAHh,BbAvAHH,,,
1617,G1,ok,52,,BbAvH,BbMxH,B365H,PSH,,,PSCH,BbAv>2.5,,,,BbAHh,BbAvAHH,,,
1617,SC0,ok,65,,BbAvH,BbMxH,B365H,PSH,,,PSCH,BbAv>2.5,,,,BbAHh,BbAvAHH,,,
1617,SP2,ok,52,,BbAvH,BbMxH,B365H,PSH,,,PSCH,BbAv>2.5,,,,BbAHh,BbAvAHH,,,
1617,I2,ok,52,,BbAvH,BbMxH,B365H,PSH,,,PSCH,BbAv>2.5,,,,BbAHh,BbAvAHH,,,
1617,D2,ok,52,,BbAvH,BbMxH,B365H,PSH,,,PSCH,BbAv>2.5,,,,BbAHh,BbAvAHH,,,
1617,F2,ok,52,,BbAvH,BbMxH,B365H,PSH,,,PSCH,BbAv>2.5,,,,BbAHh,BbAvAHH,,,
1718,E0,ok,65,,BbAvH,BbMxH,B365H,PSH,,,PSCH,BbAv>2.5,,,,BbAHh,BbAvAHH,,,
1718,E1,ok,65,,BbAvH,BbMxH,B365H,PSH,,,PSCH,BbAv>2.5,,,,BbAHh,BbAvAHH,,,
1718,SP1,ok,64,,BbAvH,BbMxH,B365H,PSH,,,PSCH,BbAv>2.5,,,,BbAHh,BbAvAHH,,,
1718,I1,ok,64,,BbAvH,BbMxH,B365H,PSH,,,PSCH,BbAv>2.5,,,,BbAHh,BbAvAHH,,,
1718,D1,ok,64,,BbAvH,BbMxH,B365H,PSH,,,PSCH,BbAv>2.5,,,,BbAHh,BbAvAHH,,,
1718,F1,ok,64,,BbAvH,BbMxH,B365H,PSH,,,PSCH,BbAv>2.5,,,,BbAHh,BbAvAHH,,,
1718,N1,ok,64,,BbAvH,BbMxH,B365H,PSH,,,PSCH,BbAv>2.5,,,,BbAHh,BbAvAHH,,,
1718,P1,ok,64,,BbAvH,BbMxH,B365H,PSH,,,PSCH,BbAv>2.5,,,,BbAHh,BbAvAHH,,,
1718,B1,ok,64,,BbAvH,BbMxH,B365H,PSH,,,PSCH,BbAv>2.5,,,,BbAHh,BbAvAHH,,,
1718,T1,ok,64,,BbAvH,BbMxH,B365H,PSH,,,PSCH,BbAv>2.5,,,,BbAHh,BbAvAHH,,,
1718,G1,ok,64,,BbAvH,BbMxH,B365H,PSH,,,PSCH,BbAv>2.5,,,,BbAHh,BbAvAHH,,,
1718,SC0,ok,65,,BbAvH,BbMxH,B365H,PSH,,,PSCH,BbAv>2.5,,,,BbAHh,BbAvAHH,,,
1718,SP2,ok,64,,BbAvH,BbMxH,B365H,PSH,,,PSCH,BbAv>2.5,,,,BbAHh,BbAvAHH,,,
1718,I2,ok,64,,BbAvH,BbMxH,B365H,PSH,,,PSCH,BbAv>2.5,,,,BbAHh,BbAvAHH,,,
1718,D2,ok,64,,BbAvH,BbMxH,B365H,PSH,,,PSCH,BbAv>2.5,,,,BbAHh,BbAvAHH,,,
1718,F2,ok,64,,BbAvH,BbMxH,B365H,PSH,,,PSCH,BbAv>2.5,,,,BbAHh,BbAvAHH,,,
1819,E0,ok,62,,BbAvH,BbMxH,B365H,PSH,,,PSCH,BbAv>2.5,,,,BbAHh,BbAvAHH,,,
1819,E1,ok,62,,BbAvH,BbMxH,B365H,PSH,,,PSCH,BbAv>2.5,,,,BbAHh,BbAvAHH,,,
1819,SP1,ok,61,,BbAvH,BbMxH,B365H,PSH,,,PSCH,BbAv>2.5,,,,BbAHh,BbAvAHH,,,
1819,I1,ok,61,,BbAvH,BbMxH,B365H,PSH,,,PSCH,BbAv>2.5,,,,BbAHh,BbAvAHH,,,
1819,D1,ok,61,,BbAvH,BbMxH,B365H,PSH,,,PSCH,BbAv>2.5,,,,BbAHh,BbAvAHH,,,
1819,F1,ok,61,,BbAvH,BbMxH,B365H,PSH,,,PSCH,BbAv>2.5,,,,BbAHh,BbAvAHH,,,
1819,N1,ok,61,,BbAvH,BbMxH,B365H,PSH,,,PSCH,BbAv>2.5,,,,BbAHh,BbAvAHH,,,
1819,P1,ok,61,,BbAvH,BbMxH,B365H,PSH,,,PSCH,BbAv>2.5,,,,BbAHh,BbAvAHH,,,
1819,B1,ok,61,,BbAvH,BbMxH,B365H,PSH,,,PSCH,BbAv>2.5,,,,BbAHh,BbAvAHH,,,
1819,T1,ok,61,,BbAvH,BbMxH,B365H,PSH,,,PSCH,BbAv>2.5,,,,BbAHh,BbAvAHH,,,
1819,G1,ok,61,,BbAvH,BbMxH,B365H,PSH,,,PSCH,BbAv>2.5,,,,BbAHh,BbAvAHH,,,
1819,SC0,ok,62,,BbAvH,BbMxH,B365H,PSH,,,PSCH,BbAv>2.5,,,,BbAHh,BbAvAHH,,,
1819,SP2,ok,61,,BbAvH,BbMxH,B365H,PSH,,,PSCH,BbAv>2.5,,,,BbAHh,BbAvAHH,,,
1819,I2,ok,61,,BbAvH,BbMxH,B365H,PSH,,,PSCH,BbAv>2.5,,,,BbAHh,BbAvAHH,,,
1819,D2,ok,61,,BbAvH,BbMxH,B365H,PSH,,,PSCH,BbAv>2.5,,,,BbAHh,BbAvAHH,,,
1819,F2,ok,61,,BbAvH,BbMxH,B365H,PSH,,,PSCH,BbAv>2.5,,,,BbAHh,BbAvAHH,,,
1920,E0,ok,106,Time,AvgH,MaxH,B365H,PSH,,AvgCH,PSCH,Avg>2.5,B365>2.5,P>2.5,AvgC>2.5,AHh,AvgAHH,AvgCAHH,,
1920,E1,ok,106,Time,AvgH,MaxH,B365H,PSH,,AvgCH,PSCH,Avg>2.5,B365>2.5,P>2.5,AvgC>2.5,AHh,AvgAHH,AvgCAHH,,
1920,SP1,ok,105,Time,AvgH,MaxH,B365H,PSH,,AvgCH,PSCH,Avg>2.5,B365>2.5,P>2.5,AvgC>2.5,AHh,AvgAHH,AvgCAHH,,
1920,I1,ok,105,Time,AvgH,MaxH,B365H,PSH,,AvgCH,PSCH,Avg>2.5,B365>2.5,P>2.5,AvgC>2.5,AHh,AvgAHH,AvgCAHH,,
1920,D1,ok,105,Time,AvgH,MaxH,B365H,PSH,,AvgCH,PSCH,Avg>2.5,B365>2.5,P>2.5,AvgC>2.5,AHh,AvgAHH,AvgCAHH,,
1920,F1,ok,105,Time,AvgH,MaxH,B365H,PSH,,AvgCH,PSCH,Avg>2.5,B365>2.5,P>2.5,AvgC>2.5,AHh,AvgAHH,AvgCAHH,,
1920,N1,ok,105,Time,AvgH,MaxH,B365H,PSH,,AvgCH,PSCH,Avg>2.5,B365>2.5,P>2.5,AvgC>2.5,AHh,AvgAHH,AvgCAHH,,
1920,P1,ok,105,Time,AvgH,MaxH,B365H,PSH,,AvgCH,PSCH,Avg>2.5,B365>2.5,P>2.5,AvgC>2.5,AHh,AvgAHH,AvgCAHH,,
1920,B1,ok,105,Time,AvgH,MaxH,B365H,PSH,,AvgCH,PSCH,Avg>2.5,B365>2.5,P>2.5,AvgC>2.5,AHh,AvgAHH,AvgCAHH,,
1920,T1,ok,105,Time,AvgH,MaxH,B365H,PSH,,AvgCH,PSCH,Avg>2.5,B365>2.5,P>2.5,AvgC>2.5,AHh,AvgAHH,AvgCAHH,,
1920,G1,ok,105,Time,AvgH,MaxH,B365H,PSH,,AvgCH,PSCH,Avg>2.5,B365>2.5,P>2.5,AvgC>2.5,AHh,AvgAHH,AvgCAHH,,
1920,SC0,ok,106,Time,AvgH,MaxH,B365H,PSH,,AvgCH,PSCH,Avg>2.5,B365>2.5,P>2.5,AvgC>2.5,AHh,AvgAHH,AvgCAHH,,
1920,SP2,ok,105,Time,AvgH,MaxH,B365H,PSH,,AvgCH,PSCH,Avg>2.5,B365>2.5,P>2.5,AvgC>2.5,AHh,AvgAHH,AvgCAHH,,
1920,I2,ok,105,Time,AvgH,MaxH,B365H,PSH,,AvgCH,PSCH,Avg>2.5,B365>2.5,P>2.5,AvgC>2.5,AHh,AvgAHH,AvgCAHH,,
1920,D2,ok,105,Time,AvgH,MaxH,B365H,PSH,,AvgCH,PSCH,Avg>2.5,B365>2.5,P>2.5,AvgC>2.5,AHh,AvgAHH,AvgCAHH,,
1920,F2,ok,105,Time,AvgH,MaxH,B365H,PSH,,AvgCH,PSCH,Avg>2.5,B365>2.5,P>2.5,AvgC>2.5,AHh,AvgAHH,AvgCAHH,,
2021,E0,ok,106,Time,AvgH,MaxH,B365H,PSH,,AvgCH,PSCH,Avg>2.5,B365>2.5,P>2.5,AvgC>2.5,AHh,AvgAHH,AvgCAHH,,
2021,E1,ok,106,Time,AvgH,MaxH,B365H,PSH,,AvgCH,PSCH,Avg>2.5,B365>2.5,P>2.5,AvgC>2.5,AHh,AvgAHH,AvgCAHH,,
2021,SP1,ok,105,Time,AvgH,MaxH,B365H,PSH,,AvgCH,PSCH,Avg>2.5,B365>2.5,P>2.5,AvgC>2.5,AHh,AvgAHH,AvgCAHH,,
2021,I1,ok,105,Time,AvgH,MaxH,B365H,PSH,,AvgCH,PSCH,Avg>2.5,B365>2.5,P>2.5,AvgC>2.5,AHh,AvgAHH,AvgCAHH,,
2021,D1,ok,105,Time,AvgH,MaxH,B365H,PSH,,AvgCH,PSCH,Avg>2.5,B365>2.5,P>2.5,AvgC>2.5,AHh,AvgAHH,AvgCAHH,,
2021,F1,ok,105,Time,AvgH,MaxH,B365H,PSH,,AvgCH,PSCH,Avg>2.5,B365>2.5,P>2.5,AvgC>2.5,AHh,AvgAHH,AvgCAHH,,
2021,N1,ok,105,Time,AvgH,MaxH,B365H,PSH,,AvgCH,PSCH,Avg>2.5,B365>2.5,P>2.5,AvgC>2.5,AHh,AvgAHH,AvgCAHH,,
2021,P1,ok,105,Time,AvgH,MaxH,B365H,PSH,,AvgCH,PSCH,Avg>2.5,B365>2.5,P>2.5,AvgC>2.5,AHh,AvgAHH,AvgCAHH,,
2021,B1,ok,105,Time,AvgH,MaxH,B365H,PSH,,AvgCH,PSCH,Avg>2.5,B365>2.5,P>2.5,AvgC>2.5,AHh,AvgAHH,AvgCAHH,,
2021,T1,ok,105,Time,AvgH,MaxH,B365H,PSH,,AvgCH,PSCH,Avg>2.5,B365>2.5,P>2.5,AvgC>2.5,AHh,AvgAHH,AvgCAHH,,
2021,G1,ok,105,Time,AvgH,MaxH,B365H,PSH,,AvgCH,PSCH,Avg>2.5,B365>2.5,P>2.5,AvgC>2.5,AHh,AvgAHH,AvgCAHH,,
2021,SC0,ok,106,Time,AvgH,MaxH,B365H,PSH,,AvgCH,PSCH,Avg>2.5,B365>2.5,P>2.5,AvgC>2.5,AHh,AvgAHH,AvgCAHH,,
2021,SP2,ok,105,Time,AvgH,MaxH,B365H,PSH,,AvgCH,PSCH,Avg>2.5,B365>2.5,P>2.5,AvgC>2.5,AHh,AvgAHH,AvgCAHH,,
2021,I2,ok,105,Time,AvgH,MaxH,B365H,PSH,,AvgCH,PSCH,Avg>2.5,B365>2.5,P>2.5,AvgC>2.5,AHh,AvgAHH,AvgCAHH,,
2021,D2,ok,105,Time,AvgH,MaxH,B365H,PSH,,AvgCH,PSCH,Avg>2.5,B365>2.5,P>2.5,AvgC>2.5,AHh,AvgAHH,AvgCAHH,,
2021,F2,ok,105,Time,AvgH,MaxH,B365H,PSH,,AvgCH,PSCH,Avg>2.5,B365>2.5,P>2.5,AvgC>2.5,AHh,AvgAHH,AvgCAHH,,
2122,E0,ok,106,Time,AvgH,MaxH,B365H,PSH,,AvgCH,PSCH,Avg>2.5,B365>2.5,P>2.5,AvgC>2.5,AHh,AvgAHH,AvgCAHH,,
2122,E1,ok,106,Time,AvgH,MaxH,B365H,PSH,,AvgCH,PSCH,Avg>2.5,B365>2.5,P>2.5,AvgC>2.5,AHh,AvgAHH,AvgCAHH,,
2122,SP1,ok,105,Time,AvgH,MaxH,B365H,PSH,,AvgCH,PSCH,Avg>2.5,B365>2.5,P>2.5,AvgC>2.5,AHh,AvgAHH,AvgCAHH,,
2122,I1,ok,105,Time,AvgH,MaxH,B365H,PSH,,AvgCH,PSCH,Avg>2.5,B365>2.5,P>2.5,AvgC>2.5,AHh,AvgAHH,AvgCAHH,,
2122,D1,ok,105,Time,AvgH,MaxH,B365H,PSH,,AvgCH,PSCH,Avg>2.5,B365>2.5,P>2.5,AvgC>2.5,AHh,AvgAHH,AvgCAHH,,
2122,F1,ok,105,Time,AvgH,MaxH,B365H,PSH,,AvgCH,PSCH,Avg>2.5,B365>2.5,P>2.5,AvgC>2.5,AHh,AvgAHH,AvgCAHH,,
2122,N1,ok,105,Time,AvgH,MaxH,B365H,PSH,,AvgCH,PSCH,Avg>2.5,B365>2.5,P>2.5,AvgC>2.5,AHh,AvgAHH,AvgCAHH,,
2122,P1,ok,105,Time,AvgH,MaxH,B365H,PSH,,AvgCH,PSCH,Avg>2.5,B365>2.5,P>2.5,AvgC>2.5,AHh,AvgAHH,AvgCAHH,,
2122,B1,ok,105,Time,AvgH,MaxH,B365H,PSH,,AvgCH,PSCH,Avg>2.5,B365>2.5,P>2.5,AvgC>2.5,AHh,AvgAHH,AvgCAHH,,
2122,T1,ok,105,Time,AvgH,MaxH,B365H,PSH,,AvgCH,PSCH,Avg>2.5,B365>2.5,P>2.5,AvgC>2.5,AHh,AvgAHH,AvgCAHH,,
2122,G1,ok,105,Time,AvgH,MaxH,B365H,PSH,,AvgCH,PSCH,Avg>2.5,B365>2.5,P>2.5,AvgC>2.5,AHh,AvgAHH,AvgCAHH,,
2122,SC0,ok,106,Time,AvgH,MaxH,B365H,PSH,,AvgCH,PSCH,Avg>2.5,B365>2.5,P>2.5,AvgC>2.5,AHh,AvgAHH,AvgCAHH,,
2122,SP2,ok,105,Time,AvgH,MaxH,B365H,PSH,,AvgCH,PSCH,Avg>2.5,B365>2.5,P>2.5,AvgC>2.5,AHh,AvgAHH,AvgCAHH,,
2122,I2,ok,105,Time,AvgH,MaxH,B365H,PSH,,AvgCH,PSCH,Avg>2.5,B365>2.5,P>2.5,AvgC>2.5,AHh,AvgAHH,AvgCAHH,,
2122,D2,ok,105,Time,AvgH,MaxH,B365H,PSH,,AvgCH,PSCH,Avg>2.5,B365>2.5,P>2.5,AvgC>2.5,AHh,AvgAHH,AvgCAHH,,
2122,F2,ok,105,Time,AvgH,MaxH,B365H,PSH,,AvgCH,PSCH,Avg>2.5,B365>2.5,P>2.5,AvgC>2.5,AHh,AvgAHH,AvgCAHH,,
2223,E0,ok,106,Time,AvgH,MaxH,B365H,PSH,,AvgCH,PSCH,Avg>2.5,B365>2.5,P>2.5,AvgC>2.5,AHh,AvgAHH,AvgCAHH,,
2223,E1,ok,106,Time,AvgH,MaxH,B365H,PSH,,AvgCH,PSCH,Avg>2.5,B365>2.5,P>2.5,AvgC>2.5,AHh,AvgAHH,AvgCAHH,,
2223,SP1,ok,105,Time,AvgH,MaxH,B365H,PSH,,AvgCH,PSCH,Avg>2.5,B365>2.5,P>2.5,AvgC>2.5,AHh,AvgAHH,AvgCAHH,,
2223,I1,ok,105,Time,AvgH,MaxH,B365H,PSH,,AvgCH,PSCH,Avg>2.5,B365>2.5,P>2.5,AvgC>2.5,AHh,AvgAHH,AvgCAHH,,
2223,D1,ok,105,Time,AvgH,MaxH,B365H,PSH,,AvgCH,PSCH,Avg>2.5,B365>2.5,P>2.5,AvgC>2.5,AHh,AvgAHH,AvgCAHH,,
2223,F1,ok,105,Time,AvgH,MaxH,B365H,PSH,,AvgCH,PSCH,Avg>2.5,B365>2.5,P>2.5,AvgC>2.5,AHh,AvgAHH,AvgCAHH,,
2223,N1,ok,105,Time,AvgH,MaxH,B365H,PSH,,AvgCH,PSCH,Avg>2.5,B365>2.5,P>2.5,AvgC>2.5,AHh,AvgAHH,AvgCAHH,,
2223,P1,ok,105,Time,AvgH,MaxH,B365H,PSH,,AvgCH,PSCH,Avg>2.5,B365>2.5,P>2.5,AvgC>2.5,AHh,AvgAHH,AvgCAHH,,
2223,B1,ok,105,Time,AvgH,MaxH,B365H,PSH,,AvgCH,PSCH,Avg>2.5,B365>2.5,P>2.5,AvgC>2.5,AHh,AvgAHH,AvgCAHH,,
2223,T1,ok,105,Time,AvgH,MaxH,B365H,PSH,,AvgCH,PSCH,Avg>2.5,B365>2.5,P>2.5,AvgC>2.5,AHh,AvgAHH,AvgCAHH,,
2223,G1,ok,105,Time,AvgH,MaxH,B365H,PSH,,AvgCH,PSCH,Avg>2.5,B365>2.5,P>2.5,AvgC>2.5,AHh,AvgAHH,AvgCAHH,,
2223,SC0,ok,106,Time,AvgH,MaxH,B365H,PSH,,AvgCH,PSCH,Avg>2.5,B365>2.5,P>2.5,AvgC>2.5,AHh,AvgAHH,AvgCAHH,,
2223,SP2,ok,105,Time,AvgH,MaxH,B365H,PSH,,AvgCH,PSCH,Avg>2.5,B365>2.5,P>2.5,AvgC>2.5,AHh,AvgAHH,AvgCAHH,,
2223,I2,ok,105,Time,AvgH,MaxH,B365H,PSH,,AvgCH,PSCH,Avg>2.5,B365>2.5,P>2.5,AvgC>2.5,AHh,AvgAHH,AvgCAHH,,
2223,D2,ok,105,Time,AvgH,MaxH,B365H,PSH,,AvgCH,PSCH,Avg>2.5,B365>2.5,P>2.5,AvgC>2.5,AHh,AvgAHH,AvgCAHH,,
2223,F2,ok,105,Time,AvgH,MaxH,B365H,PSH,,AvgCH,PSCH,Avg>2.5,B365>2.5,P>2.5,AvgC>2.5,AHh,AvgAHH,AvgCAHH,,
2324,E0,ok,106,Time,AvgH,MaxH,B365H,PSH,,AvgCH,PSCH,Avg>2.5,B365>2.5,P>2.5,AvgC>2.5,AHh,AvgAHH,AvgCAHH,,
2324,E1,ok,106,Time,AvgH,MaxH,B365H,PSH,,AvgCH,PSCH,Avg>2.5,B365>2.5,P>2.5,AvgC>2.5,AHh,AvgAHH,AvgCAHH,,
2324,SP1,ok,105,Time,AvgH,MaxH,B365H,PSH,,AvgCH,PSCH,Avg>2.5,B365>2.5,P>2.5,AvgC>2.5,AHh,AvgAHH,AvgCAHH,,
2324,I1,ok,105,Time,AvgH,MaxH,B365H,PSH,,AvgCH,PSCH,Avg>2.5,B365>2.5,P>2.5,AvgC>2.5,AHh,AvgAHH,AvgCAHH,,
2324,D1,ok,105,Time,AvgH,MaxH,B365H,PSH,,AvgCH,PSCH,Avg>2.5,B365>2.5,P>2.5,AvgC>2.5,AHh,AvgAHH,AvgCAHH,,
2324,F1,ok,105,Time,AvgH,MaxH,B365H,PSH,,AvgCH,PSCH,Avg>2.5,B365>2.5,P>2.5,AvgC>2.5,AHh,AvgAHH,AvgCAHH,,
2324,N1,ok,105,Time,AvgH,MaxH,B365H,PSH,,AvgCH,PSCH,Avg>2.5,B365>2.5,P>2.5,AvgC>2.5,AHh,AvgAHH,AvgCAHH,,
2324,P1,ok,105,Time,AvgH,MaxH,B365H,PSH,,AvgCH,PSCH,Avg>2.5,B365>2.5,P>2.5,AvgC>2.5,AHh,AvgAHH,AvgCAHH,,
2324,B1,ok,105,Time,AvgH,MaxH,B365H,PSH,,AvgCH,PSCH,Avg>2.5,B365>2.5,P>2.5,AvgC>2.5,AHh,AvgAHH,AvgCAHH,,
2324,T1,ok,105,Time,AvgH,MaxH,B365H,PSH,,AvgCH,PSCH,Avg>2.5,B365>2.5,P>2.5,AvgC>2.5,AHh,AvgAHH,AvgCAHH,,
2324,G1,ok,105,Time,AvgH,MaxH,B365H,PSH,,AvgCH,PSCH,Avg>2.5,B365>2.5,P>2.5,AvgC>2.5,AHh,AvgAHH,AvgCAHH,,
2324,SC0,ok,106,Time,AvgH,MaxH,B365H,PSH,,AvgCH,PSCH,Avg>2.5,B365>2.5,P>2.5,AvgC>2.5,AHh,AvgAHH,AvgCAHH,,
2324,SP2,ok,105,Time,AvgH,MaxH,B365H,PSH,,AvgCH,PSCH,Avg>2.5,B365>2.5,P>2.5,AvgC>2.5,AHh,AvgAHH,AvgCAHH,,
2324,I2,ok,105,Time,AvgH,MaxH,B365H,PSH,,AvgCH,PSCH,Avg>2.5,B365>2.5,P>2.5,AvgC>2.5,AHh,AvgAHH,AvgCAHH,,
2324,D2,ok,105,Time,AvgH,MaxH,B365H,PSH,,AvgCH,PSCH,Avg>2.5,B365>2.5,P>2.5,AvgC>2.5,AHh,AvgAHH,AvgCAHH,,
2324,F2,ok,105,Time,AvgH,MaxH,B365H,PSH,,AvgCH,PSCH,Avg>2.5,B365>2.5,P>2.5,AvgC>2.5,AHh,AvgAHH,AvgCAHH,,
2425,E0,ok,120,Time,AvgH,MaxH,B365H,PSH,BFEH,AvgCH,PSCH,Avg>2.5,B365>2.5,P>2.5,AvgC>2.5,AHh,AvgAHH,AvgCAHH,,
2425,E1,ok,120,Time,AvgH,MaxH,B365H,PSH,BFEH,AvgCH,PSCH,Avg>2.5,B365>2.5,P>2.5,AvgC>2.5,AHh,AvgAHH,AvgCAHH,,
2425,SP1,ok,119,Time,AvgH,MaxH,B365H,PSH,BFEH,AvgCH,PSCH,Avg>2.5,B365>2.5,P>2.5,AvgC>2.5,AHh,AvgAHH,AvgCAHH,,
2425,I1,ok,119,Time,AvgH,MaxH,B365H,PSH,BFEH,AvgCH,PSCH,Avg>2.5,B365>2.5,P>2.5,AvgC>2.5,AHh,AvgAHH,AvgCAHH,,
2425,D1,ok,119,Time,AvgH,MaxH,B365H,PSH,BFEH,AvgCH,PSCH,Avg>2.5,B365>2.5,P>2.5,AvgC>2.5,AHh,AvgAHH,AvgCAHH,,
2425,F1,ok,119,Time,AvgH,MaxH,B365H,PSH,BFEH,AvgCH,PSCH,Avg>2.5,B365>2.5,P>2.5,AvgC>2.5,AHh,AvgAHH,AvgCAHH,,
2425,N1,ok,119,Time,AvgH,MaxH,B365H,PSH,BFEH,AvgCH,PSCH,Avg>2.5,B365>2.5,P>2.5,AvgC>2.5,AHh,AvgAHH,AvgCAHH,,
2425,P1,ok,119,Time,AvgH,MaxH,B365H,PSH,BFEH,AvgCH,PSCH,Avg>2.5,B365>2.5,P>2.5,AvgC>2.5,AHh,AvgAHH,AvgCAHH,,
2425,B1,ok,119,Time,AvgH,MaxH,B365H,PSH,BFEH,AvgCH,PSCH,Avg>2.5,B365>2.5,P>2.5,AvgC>2.5,AHh,AvgAHH,AvgCAHH,,
2425,T1,ok,119,Time,AvgH,MaxH,B365H,PSH,BFEH,AvgCH,PSCH,Avg>2.5,B365>2.5,P>2.5,AvgC>2.5,AHh,AvgAHH,AvgCAHH,,
2425,G1,ok,119,Time,AvgH,MaxH,B365H,PSH,BFEH,AvgCH,PSCH,Avg>2.5,B365>2.5,P>2.5,AvgC>2.5,AHh,AvgAHH,AvgCAHH,,
2425,SC0,ok,120,Time,AvgH,MaxH,B365H,PSH,BFEH,AvgCH,PSCH,Avg>2.5,B365>2.5,P>2.5,AvgC>2.5,AHh,AvgAHH,AvgCAHH,,
2425,SP2,ok,119,Time,AvgH,MaxH,B365H,PSH,BFEH,AvgCH,PSCH,Avg>2.5,B365>2.5,P>2.5,AvgC>2.5,AHh,AvgAHH,AvgCAHH,,
2425,I2,ok,119,Time,AvgH,MaxH,B365H,PSH,BFEH,AvgCH,PSCH,Avg>2.5,B365>2.5,P>2.5,AvgC>2.5,AHh,AvgAHH,AvgCAHH,,
2425,D2,ok,119,Time,AvgH,MaxH,B365H,PSH,BFEH,AvgCH,PSCH,Avg>2.5,B365>2.5,P>2.5,AvgC>2.5,AHh,AvgAHH,AvgCAHH,,
2425,F2,ok,119,Time,AvgH,MaxH,B365H,PSH,BFEH,AvgCH,PSCH,Avg>2.5,B365>2.5,P>2.5,AvgC>2.5,AHh,AvgAHH,AvgCAHH,,
2526,E0,ok,132,Time,AvgH,MaxH,B365H,PSH,BFEH,AvgCH,PSCH,Avg>2.5,B365>2.5,P>2.5,AvgC>2.5,AHh,AvgAHH,AvgCAHH,,
2526,E1,ok,132,Time,AvgH,MaxH,B365H,PSH,BFEH,AvgCH,PSCH,Avg>2.5,B365>2.5,P>2.5,AvgC>2.5,AHh,AvgAHH,AvgCAHH,,
2526,SP1,ok,131,Time,AvgH,MaxH,B365H,PSH,BFEH,AvgCH,PSCH,Avg>2.5,B365>2.5,P>2.5,AvgC>2.5,AHh,AvgAHH,AvgCAHH,,
2526,I1,ok,131,Time,AvgH,MaxH,B365H,PSH,BFEH,AvgCH,PSCH,Avg>2.5,B365>2.5,P>2.5,AvgC>2.5,AHh,AvgAHH,AvgCAHH,,
2526,D1,ok,131,Time,AvgH,MaxH,B365H,PSH,BFEH,AvgCH,PSCH,Avg>2.5,B365>2.5,P>2.5,AvgC>2.5,AHh,AvgAHH,AvgCAHH,,
2526,F1,ok,131,Time,AvgH,MaxH,B365H,PSH,BFEH,AvgCH,PSCH,Avg>2.5,B365>2.5,P>2.5,AvgC>2.5,AHh,AvgAHH,AvgCAHH,,
2526,N1,ok,131,Time,AvgH,MaxH,B365H,PSH,BFEH,AvgCH,PSCH,Avg>2.5,B365>2.5,P>2.5,AvgC>2.5,AHh,AvgAHH,AvgCAHH,,
2526,P1,ok,131,Time,AvgH,MaxH,B365H,PSH,BFEH,AvgCH,PSCH,Avg>2.5,B365>2.5,P>2.5,AvgC>2.5,AHh,AvgAHH,AvgCAHH,,
2526,B1,ok,131,Time,AvgH,MaxH,B365H,PSH,BFEH,AvgCH,PSCH,Avg>2.5,B365>2.5,P>2.5,AvgC>2.5,AHh,AvgAHH,AvgCAHH,,
2526,T1,ok,131,Time,AvgH,MaxH,B365H,PSH,BFEH,AvgCH,PSCH,Avg>2.5,B365>2.5,P>2.5,AvgC>2.5,AHh,AvgAHH,AvgCAHH,,
2526,G1,ok,131,Time,AvgH,MaxH,B365H,PSH,BFEH,AvgCH,PSCH,Avg>2.5,B365>2.5,P>2.5,AvgC>2.5,AHh,AvgAHH,AvgCAHH,,
2526,SC0,ok,132,Time,AvgH,MaxH,B365H,PSH,BFEH,AvgCH,PSCH,Avg>2.5,B365>2.5,P>2.5,AvgC>2.5,AHh,AvgAHH,AvgCAHH,,
2526,SP2,ok,131,Time,AvgH,MaxH,B365H,PSH,BFEH,AvgCH,PSCH,Avg>2.5,B365>2.5,P>2.5,AvgC>2.5,AHh,AvgAHH,AvgCAHH,,
2526,I2,ok,131,Time,AvgH,MaxH,B365H,PSH,BFEH,AvgCH,PSCH,Avg>2.5,B365>2.5,P>2.5,AvgC>2.5,AHh,AvgAHH,AvgCAHH,,
2526,D2,ok,131,Time,AvgH,MaxH,B365H,PSH,BFEH,AvgCH,PSCH,Avg>2.5,B365>2.5,P>2.5,AvgC>2.5,AHh,AvgAHH,AvgCAHH,,
2526,F2,ok,131,Time,AvgH,MaxH,B365H,PSH,BFEH,AvgCH,PSCH,Avg>2.5,B365>2.5,P>2.5,AvgC>2.5,AHh,AvgAHH,AvgCAHH,,
2627,E0,ok,114,Time,AvgH,MaxH,B365H,,BFEH,AvgCH,,Avg>2.5,B365>2.5,,AvgC>2.5,AHh,AvgAHH,AvgCAHH,,HxG
2627,E1,ok,114,Time,AvgH,MaxH,B365H,,BFEH,AvgCH,,Avg>2.5,B365>2.5,,AvgC>2.5,AHh,AvgAHH,AvgCAHH,,HxG
2627,SP1,ok,113,Time,AvgH,MaxH,B365H,,BFEH,AvgCH,,Avg>2.5,B365>2.5,,AvgC>2.5,AHh,AvgAHH,AvgCAHH,,HxG
2627,I1,ok,113,Time,AvgH,MaxH,B365H,,BFEH,AvgCH,,Avg>2.5,B365>2.5,,AvgC>2.5,AHh,AvgAHH,AvgCAHH,,HxG
2627,D1,ok,113,Time,AvgH,MaxH,B365H,,BFEH,AvgCH,,Avg>2.5,B365>2.5,,AvgC>2.5,AHh,AvgAHH,AvgCAHH,,HxG
2627,F1,ok,113,Time,AvgH,MaxH,B365H,,BFEH,AvgCH,,Avg>2.5,B365>2.5,,AvgC>2.5,AHh,AvgAHH,AvgCAHH,,HxG
2627,N1,ok,113,Time,AvgH,MaxH,B365H,,BFEH,AvgCH,,Avg>2.5,B365>2.5,,AvgC>2.5,AHh,AvgAHH,AvgCAHH,,HxG
2627,P1,ok,113,Time,AvgH,MaxH,B365H,,BFEH,AvgCH,,Avg>2.5,B365>2.5,,AvgC>2.5,AHh,AvgAHH,AvgCAHH,,HxG
2627,B1,ok,113,Time,AvgH,MaxH,B365H,,BFEH,AvgCH,,Avg>2.5,B365>2.5,,AvgC>2.5,AHh,AvgAHH,AvgCAHH,,HxG
2627,T1,ok,113,Time,AvgH,MaxH,B365H,,BFEH,AvgCH,,Avg>2.5,B365>2.5,,AvgC>2.5,AHh,AvgAHH,AvgCAHH,,HxG
2627,G1,ok,113,Time,AvgH,MaxH,B365H,,BFEH,AvgCH,,Avg>2.5,B365>2.5,,AvgC>2.5,AHh,AvgAHH,AvgCAHH,,HxG
2627,SC0,ok,114,Time,AvgH,MaxH,B365H,,BFEH,AvgCH,,Avg>2.5,B365>2.5,,AvgC>2.5,AHh,AvgAHH,AvgCAHH,,HxG
2627,SP2,ok,113,Time,AvgH,MaxH,B365H,,BFEH,AvgCH,,Avg>2.5,B365>2.5,,AvgC>2.5,AHh,AvgAHH,AvgCAHH,,HxG
2627,I2,ok,113,Time,AvgH,MaxH,B365H,,BFEH,AvgCH,,Avg>2.5,B365>2.5,,AvgC>2.5,AHh,AvgAHH,AvgCAHH,,HxG
2627,D2,ok,113,Time,AvgH,MaxH,B365H,,BFEH,AvgCH,,Avg>2.5,B365>2.5,,AvgC>2.5,AHh,AvgAHH,AvgCAHH,,HxG
2627,F2,ok,113,Time,AvgH,MaxH,B365H,,BFEH,AvgCH,,Avg>2.5,B365>2.5,,AvgC>2.5,AHh,AvgAHH,AvgCAHH,,HxG
